zip_code,population,land_area,pop_density
89010,31,15,2
89019,69,208,0
89060,30,9,4
89060,51,1,71
89439,80,8,11
90001,57110,4,16306
90002,51223,3,16728
90003,66266,4,18660
90004,62180,3,20400
90005,37681,1,34761
90006,59185,2,30829
90007,40920,3,16593
90008,32327,4,8801
90010,3800,1,8309
90011,103892,4,24240
90012,31103,3,9618
90013,11772,1,17546
90014,7005,0,24737
90015,18986,2,11100
90016,47596,4,13123
90017,23768,1,32725
90018,49310,3,17028
90019,64458,4,16578
90020,38967,1,34475
90021,3951,2,1908
90022,67179,4,15334
90023,45903,4,10866
90024,47452,3,16154
90025,42147,3,16402
90026,67869,4,16063
90027,45151,8,5464
90028,28714,2,18838
90029,38617,1,28359
90031,39316,4,11383
90032,45786,5,9604
90033,48852,3,14954
90034,57964,3,18621
90035,28418,2,13808
90036,36865,3,14922
90037,62276,3,21941
90038,28917,2,18460
90039,28514,4,7563
90040,12520,6,2243
90041,27425,4,7595
90042,62430,5,13444
90043,44789,4,10836
90044,89779,5,17478
90045,39480,11,3681
90046,48581,6,8405
90047,48606,5,10275
90048,21397,2,11350
90049,35482,15,2362
90056,7827,2,4955
90057,44998,1,50810
90058,3223,6,555
90059,40952,3,12359
90061,26872,3,10094
90062,32821,2,16973
90063,55758,3,17038
90064,25403,4,6350
90065,45527,5,8625
90066,55277,5,11231
90067,2424,0,7387
90068,22286,8,2925
90069,20483,2,9688
90071,15,0,122
90073,539,0,1591
90077,9377,7,1279
90079,0,0,0
90089,3217,0,11218
90090,0,0,0
90094,5464,1,8942
90095,3,0,8
90201,101279,6,17060
90210,21741,10,2147
90211,8434,1,12042
90212,11555,1,12096
90220,49328,7,7138
90221,53704,5,10072
90222,31869,3,12465
90230,31766,5,7048
90232,15149,2,7193
90240,25876,3,8789
90241,42399,5,8607
90242,43497,5,9559
90245,16654,6,3049
90247,47487,4,12649
90248,9947,5,2119
90249,26669,3,8956
90250,93193,7,13920
90254,19506,1,13665
90255,75066,4,20189
90260,34924,3,13031
90262,69745,5,14431
90263,1612,0,7135
90265,18116,108,168
90266,35135,4,8926
90270,27372,1,21694
90272,22986,23,1007
90274,25209,12,2106
90275,41804,14,3093
90277,35293,4,9850
90278,40071,4,11120
90280,94396,7,12922
90290,6368,20,318
90291,28341,3,11359
90292,21576,2,10583
90293,12132,3,4235
90301,36568,3,14760
90302,29415,2,15537
90303,26176,2,11799
90304,28210,2,18007
90305,14853,2,6404
90401,6722,1,7917
90402,12250,2,6113
90403,24525,1,17180
90404,21360,2,10723
90405,27186,3,10272
90501,43180,6,7678
90502,18010,2,8059
90503,44383,5,8379
90504,32102,5,7213
90505,36678,6,6330
90506,0,0,0
90601,31974,11,2818
90602,25777,4,6947
90603,20063,3,6136
90604,39407,4,9248
90605,40331,6,7136
90606,32396,4,8564
90620,45113,6,7058
90621,35153,4,8487
90623,15554,2,8582
90630,47993,6,7835
90631,67619,14,4863
90638,49012,8,6217
90640,62549,9,7367
90650,105549,10,10761
90660,62928,8,8120
90670,14866,9,1757
90680,29945,3,11110
90701,16591,2,10178
90703,49399,9,5626
90704,4090,75,55
90706,76615,6,12543
90710,25457,2,10797
90712,31499,4,7349
90713,27925,3,8228
90715,20388,2,11990
90716,14184,1,15233
90717,21318,2,10767
90720,21751,6,3550
90723,54099,5,11547
90731,59662,9,6492
90732,21115,3,6143
90740,23729,9,2704
90742,831,0,4497
90743,456,0,5508
90744,53815,8,6455
90745,57251,8,6897
90746,25990,6,4456
90747,0,0,0
90755,11074,2,5081
90802,39347,7,6069
90803,32031,4,8013
90804,40311,2,19061
90805,93524,7,12692
90806,42399,3,12327
90807,31481,6,5391
90808,38232,7,5568
90810,36735,7,5486
90813,58911,3,18360
90814,19131,1,14122
90815,39733,7,5579
90822,117,0,720
90831,0,0,0
91001,36126,8,4368
91006,31715,6,5019
91007,34095,6,6134
91008,1391,2,687
91010,26074,7,3704
91011,20280,12,1711
91016,40598,9,4784
91020,8415,1,11185
91024,10917,3,3698
91030,25616,3,7511
91040,20372,8,2484
91042,27585,50,553
91046,156,0,15591
91101,20460,1,15445
91103,27480,5,5122
91104,36751,4,9664
91105,11254,4,3047
91106,24229,3,8210
91107,32940,8,4008
91108,13361,4,3505
91201,22781,2,9647
91202,22830,2,11139
91203,13220,1,16151
91204,16032,1,14263
91205,37810,2,19995
91206,33065,6,5621
91207,10506,5,2312
91208,16245,7,2354
91210,328,0,7452
91214,30356,8,4022
91301,25488,34,748
91302,25709,27,963
91303,26855,2,12413
91304,50231,9,5341
91306,45061,4,10889
91307,24474,8,3042
91311,36557,32,1140
91316,26898,5,5372
91320,44274,18,2426
91321,34882,26,1348
91324,27669,4,6301
91325,32417,5,6724
91326,33708,8,4131
91330,2702,0,7931
91331,103689,9,11713
91335,74363,7,11328
91340,34188,3,10112
91342,91725,55,1665
91343,60254,6,10193
91344,51747,16,3153
91345,18496,3,5705
91350,33348,17,1968
91351,32362,10,3381
91352,47807,12,4097
91354,28722,9,3292
91355,32605,16,2107
91356,29458,7,4016
91360,42402,15,2919
91361,20438,34,610
91362,36045,20,1837
91364,25851,8,3405
91367,39499,7,5308
91371,1,0,4
91377,13811,5,2609
91381,20158,38,536
91384,29855,109,275
91387,40328,50,814
91390,19786,143,138
91401,39285,4,11377
91402,69817,4,18733
91403,23484,4,6467
91405,51145,3,15457
91406,51558,8,6340
91411,24628,2,12059
91423,30991,4,7103
91436,14372,6,2523
91501,20849,4,5255
91502,11371,1,8521
91504,24939,5,5053
91505,30778,5,6106
91506,18904,2,7726
91601,37180,3,14028
91602,17473,2,8535
91604,29034,5,5636
91605,56343,6,10312
91606,44958,3,13491
91607,27927,2,11448
91608,0,1,0
91701,38976,7,5361
91702,59705,169,353
91706,76571,13,5699
91708,3369,10,352
91709,74796,34,2188
91710,80358,22,3736
91711,35705,15,2379
91722,34409,4,8330
91723,18275,2,7877
91724,26184,6,4200
91730,66925,15,4624
91731,29591,4,7758
91732,61386,5,13301
91733,43896,7,6570
91737,24740,8,2953
91739,34794,29,1184
91740,25356,5,5094
91741,25824,15,1743
91744,85040,9,9675
91745,54013,13,4217
91746,30485,6,5473
91748,45406,15,3138
91750,33249,25,1318
91752,30047,15,1992
91754,32742,5,7224
91755,27496,3,8847
91759,476,82,6
91761,56913,29,1951
91762,55857,14,4100
91763,36375,5,7034
91764,54086,8,6756
91765,46457,19,2456
91766,71599,10,7043
91767,48068,6,8552
91768,34537,9,3993
91770,62097,6,9668
91773,33119,14,2316
91775,23988,3,7830
91776,38475,3,11300
91780,34332,4,8966
91784,25938,9,2846
91786,51165,9,5715
91789,43079,16,2756
91790,44907,6,7779
91791,32414,7,4885
91792,30854,4,8031
91801,52735,4,12101
91803,30322,3,9285
91901,17403,89,195
91902,17653,9,2028
91905,1700,66,26
91906,3627,106,34
91910,75802,12,6196
91911,82999,12,7087
91913,40971,10,4017
91914,15448,6,2455
91915,24659,8,3242
91916,1622,40,41
91917,992,36,27
91931,592,15,41
91932,25718,3,10232
91934,737,47,16
91935,8624,97,89
91941,31779,8,3942
91942,38069,6,6524
91945,25460,4,6484
91948,78,20,4
91950,60322,8,7938
91962,1646,52,32
91963,1118,34,33
91977,58368,10,6039
91978,8896,6,1390
91980,165,4,46
92003,4746,17,274
92004,3881,694,6
92007,10429,2,4267
92008,27649,10,2682
92009,40747,13,3202
92010,14382,8,1780
92011,22405,7,3295
92014,13154,6,2182
92019,42598,27,1587
92020,57767,11,5188
92021,65068,30,2181
92024,49121,17,2911
92025,49978,22,2268
92026,48922,37,1315
92027,53881,63,854
92028,46239,94,490
92029,19021,24,804
92036,3440,179,19
92037,46781,13,3577
92040,41281,64,643
92054,40375,12,3381
92055,15655,99,159
92056,51835,12,4176
92057,54096,15,3585
92058,42436,28,1504
92059,1618,28,58
92060,218,70,3
92061,2499,40,63
92064,47904,41,1170
92065,35414,165,214
92066,378,20,19
92067,9535,23,423
92069,46369,17,2818
92070,1245,133,9
92071,53422,17,3065
92075,12056,4,3402
92078,42906,17,2569
92081,27404,9,3095
92082,19037,123,155
92083,36975,6,6637
92084,47654,26,1821
92086,1573,220,7
92091,1048,1,1599
92101,37095,5,7867
92102,43267,5,9347
92103,31066,4,8245
92104,44414,4,11720
92105,69813,6,12534
92106,19330,6,3426
92107,28651,3,9106
92108,18858,4,4402
92109,45787,8,6028
92110,25341,5,5222
92111,45096,9,5331
92113,56066,5,10640
92114,65433,8,7943
92115,58560,7,9003
92116,31680,4,9136
92117,51332,9,5842
92118,23575,8,3042
92119,23057,7,3366
92120,26317,7,3954
92121,4179,12,341
92122,43728,16,2745
92123,26823,8,3285
92124,30443,11,2904
92126,73343,13,5788
92127,39337,22,1783
92128,47490,11,4253
92129,51536,14,3662
92130,48940,18,2654
92131,32787,25,1306
92132,0,0,0
92134,198,0,1069
92135,571,1,1194
92139,35125,4,9686
92140,3435,1,5376
92145,1449,3,433
92147,559,0,5796
92154,79708,37,2157
92155,550,0,2469
92173,29429,5,5817
92201,61827,23,2729
92203,25605,18,1462
92210,4677,13,358
92211,24294,15,1614
92220,31638,124,255
92222,45,2,28
92223,43605,43,1005
92225,24310,599,41
92227,26234,541,49
92230,2550,15,168
92231,39073,57,684
92233,8099,151,54
92234,51151,16,3251
92236,41083,22,1877
92239,223,143,2
92240,34722,37,949
92241,8803,138,64
92242,1539,31,49
92243,48030,110,436
92249,7334,22,342
92250,8285,415,20
92251,21583,200,108
92252,9647,90,107
92253,37262,35,1066
92254,12768,47,273
92256,3588,78,46
92257,2326,744,3
92258,861,11,81
92259,390,324,1
92260,31753,28,1118
92262,26179,37,714
92264,19383,52,371
92266,234,326,1
92267,126,16,8
92268,574,81,7
92270,17220,27,646
92273,1823,7,262
92274,19801,179,111
92275,1506,62,24
92276,7585,29,259
92277,23911,1395,17
92278,3846,1,4804
92280,14,166,0
92281,2432,14,171
92282,1239,71,17
92283,3158,744,4
92284,25095,110,228
92285,2632,171,15
92301,32725,171,192
92304,17,41,0
92305,535,100,5
92307,37630,170,222
92308,39837,93,427
92309,763,160,5
92310,8845,3,2871
92311,31894,248,128
92313,12025,4,3448
92314,10162,31,330
92315,5094,13,401
92316,30830,11,2805
92320,7788,11,728
92321,1522,7,234
92322,1257,3,420
92324,56505,30,1915
92325,9391,10,931
92327,632,28,22
92328,445,701,1
92332,65,895,0
92333,472,4,113
92335,95397,17,5506
92336,88419,25,3555
92337,37849,14,2718
92338,12,241,0
92339,885,11,84
92341,410,7,58
92342,6379,106,60
92344,20769,39,539
92345,78715,82,960
92346,54923,25,2161
92347,1692,147,12
92352,8004,10,830
92354,21559,5,4417
92356,6455,394,16
92358,707,20,36
92359,8103,17,486
92363,5321,198,27
92364,90,514,0
92365,2637,173,15
92368,1113,28,40
92371,16763,140,120
92372,6220,28,223
92373,33423,41,821
92374,40267,19,2150
92376,81516,14,6031
92377,19989,10,1958
92378,183,1,221
92382,5268,15,349
92384,36,140,0
92385,313,8,37
92386,2270,2,1184
92389,156,138,1
92391,2534,2,1085
92392,54858,37,1470
92394,33237,27,1218
92395,42400,17,2479
92397,4894,10,475
92398,1379,28,49
92399,52606,53,992
92401,1932,1,2235
92404,58271,29,2040
92405,28873,5,6113
92407,56689,63,901
92408,15271,11,1438
92410,49410,8,6011
92411,26214,4,6407
92501,20970,6,3678
92503,84519,30,2830
92504,53778,23,2298
92505,47672,12,3900
92506,44001,16,2716
92507,58002,20,2870
92508,35000,11,3262
92509,75196,31,2418
92518,1162,12,98
92530,50216,54,932
92532,18644,18,1031
92536,3810,125,31
92539,4734,131,36
92543,33555,18,1899
92544,44734,136,330
92545,39457,32,1228
92548,6643,10,676
92549,3926,28,143
92551,30815,6,5247
92553,73722,10,7277
92555,39076,81,484
92557,50320,19,2676
92561,1661,158,11
92562,62079,109,568
92563,53892,20,2650
92567,9459,30,321
92570,53697,97,552
92571,52516,23,2328
92582,15649,19,846
92583,30236,28,1063
92584,43400,30,1457
92585,17797,20,877
92586,19815,7,2806
92587,16675,8,2110
92590,3660,53,68
92591,38272,17,2324
92592,72492,97,746
92595,29851,21,1418
92596,23172,61,379
92602,22871,10,2190
92603,20184,13,1523
92604,26853,3,7960
92606,21495,5,4434
92610,11248,10,1147
92612,27522,6,4526
92614,24748,4,5599
92617,14044,2,5841
92618,16366,21,773
92620,38486,7,5466
92624,7248,1,5277
92625,12478,3,4888
92626,49341,10,5128
92627,61510,6,9688
92629,25756,5,5056
92630,59182,10,6214
92637,16012,4,4570
92646,55224,8,6863
92647,57245,8,7387
92648,45317,8,5645
92649,32463,8,4244
92651,23881,20,1227
92653,29291,7,4374
92655,8337,1,13220
92656,49046,8,5961
92657,9741,7,1321
92660,34797,10,3566
92661,3744,1,5749
92662,2756,0,13233
92663,21649,3,6557
92672,34464,8,4330
92673,29309,12,2509
92675,34731,35,1008
92676,1945,66,29
92677,63297,17,3791
92678,494,15,33
92679,32611,23,1442
92683,89747,10,8975
92688,43792,11,4018
92691,47582,9,5404
92692,47222,10,4793
92694,21944,10,2311
92701,53908,3,16486
92703,65445,4,16036
92704,88123,7,11919
92705,44706,12,3868
92706,36457,3,10698
92707,59492,5,11832
92708,56004,9,6181
92780,57741,7,8258
92782,23032,3,6848
92801,62068,6,9872
92802,42709,5,9397
92804,85914,7,12265
92805,70401,6,11167
92806,37173,8,4810
92807,36171,11,3376
92808,20039,5,3943
92821,35533,11,3372
92823,3613,11,332
92831,34204,6,5724
92832,24752,3,8796
92833,51767,7,7087
92835,24010,6,3985
92840,54083,5,10397
92841,32845,5,7330
92843,45214,4,11574
92844,24307,2,11433
92845,16333,2,7463
92860,27198,14,1946
92861,5781,2,2719
92865,19704,4,5384
92866,14885,2,7705
92867,44515,8,5608
92868,25404,3,7857
92869,37184,9,4001
92870,52033,7,7661
92879,46745,10,4653
92880,58763,25,2380
92881,30991,28,1120
92882,67917,26,2638
92883,29301,56,526
92886,46564,15,3162
92887,20006,9,2226
93001,32990,205,161
93003,50474,21,2453
93004,29149,7,4245
93010,42901,22,1938
93012,34617,52,661
93013,16091,57,283
93015,17334,77,226
93021,36422,47,771
93022,6106,5,1322
93023,20589,270,76
93030,59372,14,4282
93033,82728,29,2821
93035,27732,4,6748
93036,41691,16,2624
93040,2031,71,29
93041,23641,11,2103
93042,56,23,2
93043,333,1,691
93060,32811,119,276
93063,54366,33,1650
93064,40,6,7
93065,72508,32,2291
93066,3102,42,75
93067,895,1,1519
93101,31683,3,9237
93103,20249,5,3866
93105,24815,97,256
93108,11112,21,524
93109,10858,3,3210
93110,16829,11,1596
93111,17370,8,2142
93117,53217,170,313
93201,1348,77,17
93202,4143,1,5342
93203,20938,215,98
93204,15529,60,260
93205,2113,58,37
93206,2300,150,15
93207,263,58,5
93208,104,59,2
93210,19504,772,25
93212,26079,106,246
93215,55659,142,392
93218,994,65,15
93219,10194,97,105
93220,211,26,8
93221,14945,132,114
93222,2099,29,73
93223,10604,3,4291
93224,451,22,20
93225,5077,177,29
93226,282,94,3
93230,65264,262,249
93234,6987,80,87
93235,4559,3,1582
93238,1490,127,12
93239,1688,64,26
93240,6056,75,81
93241,17489,4,4240
93242,3468,41,84
93243,1699,150,11
93244,534,68,8
93245,37412,118,317
93247,17423,76,230
93249,2739,223,12
93250,13522,85,160
93251,270,134,2
93252,4176,680,6
93254,811,137,6
93255,614,217,3
93256,5753,80,72
93257,75004,445,169
93258,2046,0,4729
93260,200,33,6
93261,3099,9,365
93262,63,90,1
93263,19582,91,216
93265,3699,374,10
93266,1587,56,28
93267,6237,75,83
93268,16897,42,403
93270,5837,62,94
93271,2276,380,6
93272,3583,84,43
93274,69721,214,326
93276,161,1,235
93277,50607,40,1266
93280,27152,322,84
93283,2040,204,10
93285,2536,47,54
93286,9548,85,112
93287,119,56,2
93291,52849,85,624
93292,39032,109,359
93301,12248,4,2929
93304,48731,8,6416
93305,37601,6,6336
93306,64587,88,733
93307,82658,139,595
93308,52447,316,166
93309,58409,11,5487
93311,40829,170,241
93312,56741,15,3729
93313,43553,100,437
93314,22393,99,226
93401,28033,70,401
93402,14318,29,492
93405,35440,88,404
93410,0,0,0
93420,28413,187,152
93422,31375,60,525
93424,1261,3,479
93426,1401,212,7
93427,5505,56,98
93428,6314,77,82
93429,154,7,21
93430,2972,72,41
93432,1384,90,15
93433,13162,2,6084
93434,7110,33,215
93436,54017,219,247
93437,3338,39,86
93440,2058,40,51
93441,1530,55,28
93442,10789,45,241
93444,19244,69,279
93445,7173,17,427
93446,43714,417,105
93449,7657,10,766
93450,740,170,4
93451,3779,510,7
93452,524,114,5
93453,2899,623,5
93454,36448,427,85
93455,41684,108,386
93458,55431,27,2025
93460,5255,123,43
93461,1623,354,5
93463,7646,30,253
93465,9153,88,104
93501,5467,164,33
93505,14038,78,180
93510,7993,72,111
93512,277,126,2
93513,1763,644,3
93514,13857,1116,12
93516,2299,19,119
93517,670,593,1
93518,1146,298,4
93519,101,79,1
93522,48,46,1
93523,3074,97,32
93524,229,2,112
93526,719,137,5
93527,2387,545,4
93528,172,4,45
93529,633,31,21
93530,47,1,52
93531,509,34,15
93532,2932,114,26
93534,39341,18,2215
93535,72046,258,279
93536,70918,243,292
93541,449,268,2
93543,13033,59,220
93544,1259,110,11
93545,2082,107,19
93546,9567,172,56
93549,344,336,1
93550,74929,196,382
93551,50798,73,695
93552,38158,49,787
93553,2138,87,25
93554,72,74,1
93555,32560,82,399
93558,125,4,34
93560,18910,160,119
93561,34630,264,131
93562,1818,40,46
93563,388,40,10
93591,7285,83,88
93592,64,150,0
93601,1909,45,43
93602,3862,144,27
93603,222,44,5
93604,674,141,5
93605,175,0,420
93606,1217,0,8109
93608,1114,109,10
93609,5640,62,92
93610,23833,272,88
93611,45614,11,4075
93612,35351,7,5344
93614,11661,115,102
93615,6042,17,361
93616,2627,14,189
93618,28262,67,424
93619,28965,178,162
93620,9591,175,55
93621,464,66,7
93622,9581,355,27
93623,69,31,2
93624,1134,112,10
93625,7313,25,296
93626,1359,100,14
93627,123,36,3
93628,327,36,9
93630,19162,156,123
93631,15941,80,199
93633,25,21,1
93634,33,1185,0
93635,38776,259,150
93636,11908,196,61
93637,37743,271,140
93638,49068,95,517
93640,11880,113,105
93641,595,32,19
93643,3171,125,25
93644,8637,93,93
93645,318,54,6
93646,10557,43,248
93647,11874,107,111
93648,15719,23,685
93650,4055,1,5725
93651,1674,29,58
93652,415,2,201
93653,1229,237,5
93654,29776,99,302
93656,6313,110,57
93657,34999,213,164
93660,4675,81,58
93662,30237,79,384
93664,585,192,3
93665,472,1,561
93666,692,0,1850
93667,2604,111,23
93668,1118,34,33
93669,295,7,43
93673,713,1,857
93675,3721,79,47
93701,12529,2,8274
93702,48607,5,9234
93703,31868,5,6741
93704,27156,6,4955
93705,36703,5,7528
93706,41087,164,251
93710,30202,7,4308
93711,36731,11,3248
93720,45191,10,4538
93721,6959,2,3395
93722,76448,20,3903
93723,9547,43,224
93725,24979,65,382
93726,40705,6,6344
93727,71820,33,2209
93728,15743,3,5145
93730,9941,8,1312
93901,26863,15,1839
93905,61087,9,6564
93906,59461,13,4548
93907,21726,54,403
93908,13043,215,61
93920,1369,369,4
93921,3281,1,3649
93923,12073,129,94
93924,6279,190,33
93925,1671,55,31
93926,8726,59,147
93927,17547,264,66
93928,506,19,26
93930,15866,360,44
93932,592,101,6
93933,22406,13,1743
93940,31615,21,1539
93943,6,0,35
93950,15046,3,5251
93953,4509,8,561
93954,302,37,8
93955,33359,28,1181
93960,27080,204,133
93962,673,0,5509
94002,25992,6,4589
94005,4282,4,974
94010,40737,12,3442
94014,47014,6,7454
94015,60927,6,10576
94019,18424,53,350
94020,1559,56,28
94021,192,5,42
94022,18500,18,1058
94024,22385,7,3066
94025,40526,12,3448
94027,7089,5,1364
94028,6534,15,429
94030,21536,3,6359
94037,2913,6,503
94038,3040,2,1929
94040,32996,4,8945
94041,13292,2,8689
94043,28358,11,2657
94044,37296,15,2543
94060,1554,73,21
94061,36245,4,9391
94062,25876,71,365
94063,30949,7,4539
94065,11359,2,4660
94066,41130,6,6706
94070,29166,6,4749
94074,214,19,12
94080,63975,10,6224
94085,21247,4,6088
94086,45697,5,10187
94087,54293,7,8248
94089,19245,6,3212
94102,31176,1,46472
94103,27170,1,20036
94104,406,0,5232
94105,5846,0,15826
94107,26599,2,14845
94108,13768,0,50983
94109,55984,1,47129
94110,69333,2,29816
94111,3713,0,10791
94112,79407,3,23606
94114,31124,1,21837
94115,33021,1,29596
94116,43698,3,16901
94117,39169,2,23211
94118,38319,2,19663
94121,41203,3,13370
94122,56023,2,23699
94123,23088,1,22622
94124,33996,5,6901
94127,19289,2,10895
94128,69,4,20
94129,3183,2,1381
94130,2880,1,3196
94131,26881,2,12926
94132,28129,3,9045
94133,26237,1,34749
94134,40798,2,17001
94158,4792,1,7288
94301,16995,2,7161
94303,45467,8,5710
94304,3627,7,558
94305,13862,5,2703
94306,26469,4,6322
94401,34429,3,10943
94402,23981,5,4934
94403,39642,6,7040
94404,33749,4,7923
94501,60212,8,7593
94502,13600,3,5074
94503,19681,13,1519
94505,13403,16,824
94506,22452,19,1195
94507,14889,13,1173
94508,3661,17,210
94509,62439,16,3800
94510,27088,28,969
94511,2137,6,384
94512,108,20,5
94513,54605,76,722
94514,1360,29,47
94515,7050,106,67
94516,211,1,241
94517,12385,57,216
94518,26778,5,4925
94519,18453,4,4221
94520,37208,10,3688
94521,41249,13,3182
94523,33569,7,4640
94525,3127,2,1329
94526,31102,15,2083
94528,964,2,411
94530,23877,5,4945
94531,40290,11,3678
94533,69277,22,3207
94534,36416,79,460
94535,3793,4,995
94536,68790,15,4717
94538,61148,17,3715
94539,50031,25,1968
94541,61635,7,8296
94542,12717,6,2229
94544,73026,11,6665
94545,29707,22,1379
94546,42209,9,4479
94547,24092,5,4427
94548,412,3,149
94549,26864,19,1399
94550,46896,233,202
94551,36867,79,467
94552,14454,45,322
94553,47065,49,962
94555,34143,12,2941
94556,15229,12,1243
94558,66830,356,188
94559,27184,37,742
94560,42573,14,3084
94561,36515,17,2157
94563,17672,17,1024
94564,18287,6,3271
94565,84641,30,2803
94566,40884,20,2085
94567,623,131,5
94568,46016,15,3011
94569,198,2,84
94571,7911,118,67
94572,8684,4,2000
94573,94,1,94
94574,8742,128,68
94575,974,0,5815
94576,164,0,444
94577,45560,8,5591
94578,38558,4,8755
94579,20571,3,6567
94580,27152,3,7875
94582,38537,13,2965
94583,34859,15,2331
94585,28263,112,251
94586,925,59,16
94587,69516,20,3525
94588,30842,33,945
94589,29876,12,2607
94590,35420,6,5959
94591,53042,22,2458
94592,742,4,175
94595,16425,5,3054
94596,20037,6,3359
94597,20277,4,5180
94598,25818,15,1693
94599,3021,3,1030
94601,50294,3,15487
94602,28329,3,8574
94603,31403,3,9630
94605,39016,9,4356
94606,36672,2,16037
94607,24978,6,4235
94608,28019,3,10235
94609,20596,2,12057
94610,29287,2,13410
94611,36565,11,3462
94612,14389,1,16899
94613,715,0,2820
94618,16046,2,6616
94619,23299,16,1489
94621,29870,8,3840
94702,15979,1,12543
94703,19846,1,14852
94704,25592,1,23930
94705,12762,3,3862
94706,19615,2,13287
94707,11710,2,6907
94708,10985,3,3239
94709,11806,1,20084
94710,6948,2,3233
94720,2964,1,4761
94801,29395,11,2606
94803,24904,12,2134
94804,38559,6,6241
94805,13648,2,6873
94806,59861,8,7183
94850,0,0,0
94901,41157,13,3127
94903,29040,20,1448
94904,11995,7,1656
94920,12474,7,1910
94922,425,12,34
94923,1411,21,66
94924,1638,23,71
94925,9253,3,2925
94928,43170,8,5604
94929,264,1,249
94930,8500,16,534
94931,8470,6,1333
94933,865,1,790
94937,837,42,20
94938,812,11,77
94939,6859,2,3208
94940,268,23,12
94941,30496,22,1372
94945,17167,26,660
94946,699,44,16
94947,24283,23,1070
94949,17202,15,1145
94950,89,9,10
94951,4124,15,281
94952,32858,180,182
94954,37365,62,603
94956,1756,58,30
94957,1332,1,1164
94960,15740,6,2653
94963,569,3,214
94964,5094,0,13067
94965,10847,14,802
94970,683,7,98
94971,337,12,27
94972,52,12,4
94973,1429,4,359
95002,2077,12,173
95003,23974,35,682
95004,3918,18,216
95005,6311,12,528
95006,8979,54,168
95007,676,1,1181
95008,45260,6,7086
95010,9137,1,6658
95012,10320,15,691
95013,80,2,52
95014,60717,27,2255
95017,834,50,17
95018,7778,19,414
95019,7727,1,6364
95020,57349,156,368
95023,48841,412,118
95030,12791,10,1225
95032,25089,16,1579
95033,9372,92,102
95035,66943,23,2880
95037,45579,243,187
95039,1377,15,93
95041,160,0,3951
95043,639,859,1
95045,4046,47,85
95046,6417,20,329
95050,35923,5,6808
95051,54327,7,8159
95053,2206,0,12925
95054,23364,6,3730
95060,46377,68,684
95062,36079,5,7148
95064,7331,2,3908
95065,8113,11,725
95066,14749,19,778
95070,30617,26,1201
95073,10154,21,479
95075,331,93,4
95076,82474,137,604
95110,18730,5,4014
95111,58466,5,10840
95112,55927,7,7885
95113,893,0,2618
95116,51496,4,14382
95117,30067,3,11693
95118,31932,4,7703
95119,9970,3,3524
95120,37457,40,942
95121,37469,4,8454
95122,56545,5,11857
95123,62228,8,7481
95124,47082,7,7167
95125,51939,8,6488
95126,31049,3,9459
95127,61325,13,4713
95128,34836,4,8923
95129,38720,5,8581
95130,13911,2,8930
95131,28565,6,4913
95132,40299,51,791
95133,25401,3,7982
95134,15268,10,1610
95135,20120,31,658
95136,42989,5,9082
95138,18889,26,725
95139,6748,1,5482
95140,191,124,2
95148,45528,9,4831
95202,6521,1,6049
95203,15696,6,2544
95204,27786,5,5448
95205,38069,9,4188
95206,65004,145,449
95207,47965,7,6610
95209,39488,8,4711
95210,39009,7,5892
95211,1545,0,10208
95212,25239,22,1170
95215,23224,95,245
95219,27884,57,490
95220,7273,58,126
95222,5292,151,35
95223,4612,287,16
95224,429,11,38
95225,672,7,96
95226,84,6,15
95227,941,37,25
95228,3976,107,37
95230,718,114,6
95231,4374,11,413
95232,304,8,38
95233,436,7,62
95234,70,34,2
95236,4223,108,39
95237,3167,8,397
95240,47172,83,570
95242,25393,96,264
95245,2277,68,33
95246,1615,52,31
95247,4368,42,105
95248,301,32,9
95249,4042,84,48
95250,78,11,7
95251,767,11,70
95252,13460,123,110
95254,480,6,87
95255,2042,45,46
95257,413,15,27
95258,4018,3,1247
95301,37073,62,595
95303,912,39,23
95304,15706,159,99
95305,245,14,17
95306,970,137,7
95307,42753,34,1276
95310,1882,40,48
95311,2197,240,9
95312,268,1,273
95313,1386,52,27
95314,0,25,0
95315,13018,18,713
95316,6573,67,98
95317,817,53,15
95318,541,40,14
95319,1749,1,2820
95320,12819,89,145
95321,3736,175,21
95322,8942,174,51
95323,1260,31,41
95324,7324,41,178
95325,81,41,2
95326,9581,29,331
95327,9806,157,62
95328,3993,1,3834
95329,2460,109,23
95330,17853,22,830
95333,2942,117,25
95334,15457,56,276
95335,541,42,13
95336,42675,38,1114
95337,31557,46,693
95338,11062,340,33
95340,33931,40,854
95341,32967,150,220
95345,708,32,22
95346,1272,6,212
95348,30805,48,648
95350,51046,9,5749
95351,46458,9,5238
95354,25394,7,3459
95355,58311,10,6145
95356,30918,21,1446
95357,11559,39,300
95358,31668,120,263
95360,11712,335,35
95361,31610,232,136
95363,25237,118,214
95364,53,272,0
95365,4985,15,329
95366,16575,34,482
95367,23173,5,5055
95368,13614,3,4140
95369,1099,159,7
95370,26803,103,260
95372,1963,3,733
95374,2030,47,44
95375,106,3,35
95376,49859,8,6530
95377,30902,108,286
95379,3898,54,72
95380,41201,75,549
95382,36176,11,3446
95383,3937,78,50
95385,429,25,17
95386,9877,85,116
95387,636,116,5
95388,13074,39,337
95389,1272,236,5
95391,9959,24,419
95401,36981,21,1793
95403,45164,22,2052
95404,39761,80,497
95405,21399,6,3907
95407,39352,23,1735
95409,27187,38,708
95410,950,40,24
95412,401,86,5
95415,1592,55,29
95417,297,75,4
95420,374,2,186
95421,1592,217,7
95422,15585,35,442
95423,3747,103,36
95425,10841,206,53
95426,2147,20,106
95427,459,70,7
95428,2516,225,11
95429,70,40,2
95430,44,0,185
95431,631,0,8311
95432,426,73,6
95435,82,0,532
95436,5418,23,236
95437,14799,98,151
95439,675,3,247
95441,2014,102,20
95442,3178,24,130
95443,233,4,56
95444,748,0,2764
95445,2093,86,24
95446,4750,33,144
95448,16852,189,89
95449,1507,131,12
95450,387,27,14
95451,11213,96,117
95452,1393,14,97
95453,11256,84,134
95454,2556,267,10
95456,795,10,79
95457,2893,148,19
95458,3104,49,63
95459,504,67,8
95460,2285,27,84
95461,3413,125,27
95462,1417,6,241
95463,169,11,15
95464,2673,3,804
95465,2083,42,50
95466,946,94,10
95467,5498,10,560
95468,1258,65,19
95469,1767,175,10
95470,6032,83,73
95471,522,1,362
95472,28255,69,409
95476,35394,112,316
95482,31808,311,102
95485,2557,105,24
95486,62,0,3201
95488,280,89,3
95490,13264,392,34
95492,28532,19,1499
95493,198,5,44
95494,139,103,1
95497,1305,16,81
95501,23976,7,3403
95503,24152,86,279
95511,360,58,6
95514,254,87,3
95519,17432,57,307
95521,20199,54,378
95524,1787,10,171
95525,1733,83,21
95526,378,110,3
95527,627,138,5
95528,1139,103,11
95531,24528,195,126
95536,2849,147,19
95537,276,0,1548
95540,13657,28,492
95542,2533,198,13
95543,765,102,8
95545,153,48,3
95546,3494,137,26
95547,1222,8,162
95548,1373,87,16
95549,805,112,7
95550,128,135,1
95551,1739,43,41
95552,697,540,1
95553,1062,59,18
95554,533,50,11
95555,410,86,5
95556,605,137,4
95558,425,201,2
95559,182,18,10
95560,1648,33,49
95562,3450,25,140
95563,652,60,11
95564,462,3,139
95565,1071,33,32
95567,1930,63,31
95568,136,81,2
95569,361,62,6
95570,2579,24,109
95571,271,1,359
95573,1744,120,15
95585,508,55,9
95587,201,13,15
95589,1612,187,9
95595,262,245,1
95601,198,2,113
95602,17509,49,355
95603,27844,39,713
95604,75,0,187
95605,14179,4,3636
95606,196,36,5
95607,431,134,3
95608,59418,13,4556
95610,44147,8,5638
95612,1239,56,22
95614,3833,36,108
95615,834,23,36
95616,47032,28,1707
95618,27281,35,781
95619,4842,6,806
95620,20553,241,85
95621,39819,7,5863
95623,3806,52,73
95624,61989,44,1409
95625,155,1,134
95626,5975,23,257
95627,3513,51,68
95628,40196,13,3151
95629,832,47,18
95630,72180,28,2617
95631,6076,152,40
95632,29269,111,264
95633,3349,41,81
95634,3232,81,40
95635,1262,20,62
95636,1101,116,9
95637,370,21,18
95638,2255,79,29
95639,283,5,62
95640,11353,115,98
95641,1986,45,45
95642,7164,66,108
95645,2037,128,16
95646,158,4,41
95648,47354,142,335
95650,12447,25,505
95651,637,12,55
95652,739,4,196
95653,527,5,102
95655,4314,10,455
95658,6285,25,253
95659,702,50,14
95660,30714,6,4925
95661,29791,9,3309
95662,31558,11,2903
95663,2377,8,298
95664,1380,38,37
95665,4426,20,218
95666,5336,56,96
95667,36726,173,212
95668,815,61,13
95669,2443,88,28
95670,52973,13,4220
95672,4773,23,211
95673,15455,16,953
95674,935,32,29
95675,381,1,553
95677,23333,9,2635
95678,41192,11,3792
95679,55,46,1
95680,146,2,73
95681,1226,17,71
95682,29114,81,359
95683,6180,91,68
95684,3422,145,24
95685,4680,49,95
95686,1405,27,52
95687,65096,44,1496
95688,34379,81,423
95689,1244,28,45
95690,2533,57,44
95691,34737,42,837
95692,4769,54,88
95693,6758,63,108
95694,9156,149,61
95695,37946,142,267
95697,425,0,1834
95698,236,43,5
95699,154,4,38
95701,983,33,29
95703,897,5,202
95709,4772,22,214
95713,9495,71,133
95714,382,3,114
95715,115,26,4
95717,231,10,23
95720,157,121,1
95721,37,13,3
95722,4585,11,420
95724,27,1,23
95726,8842,74,119
95728,386,12,31
95735,68,22,3
95736,240,0,957
95742,7749,50,156
95746,21460,18,1215
95747,51870,47,1113
95757,40222,61,665
95758,60435,13,4711
95762,38797,41,940
95765,33974,12,2742
95776,21902,92,237
95811,7595,3,2727
95814,9922,1,7105
95815,24680,8,3145
95816,15579,2,7611
95817,13534,2,5907
95818,19811,4,5158
95819,17141,3,5067
95820,34480,5,6638
95821,33550,7,4691
95822,42347,8,5014
95823,73985,12,6268
95824,30221,4,7442
95825,31084,5,6576
95826,36628,12,3179
95827,20269,8,2663
95828,57862,12,4698
95829,24755,21,1191
95830,934,13,72
95831,41321,7,5914
95832,11924,8,1442
95833,37293,8,4814
95834,25899,10,2591
95835,35936,9,4012
95837,315,18,17
95838,36764,9,4055
95841,19448,4,4771
95842,31806,4,8121
95843,45048,6,6986
95864,22447,6,3499
95901,31314,197,159
95903,1732,15,119
95910,86,34,3
95912,4685,181,26
95914,578,15,39
95915,44,23,2
95916,1441,97,15
95917,3155,69,46
95918,2339,69,34
95919,1378,25,56
95920,274,69,4
95922,687,63,11
95923,58,10,6
95925,295,33,9
95926,37725,8,4931
95928,36511,138,265
95930,69,17,4
95932,7718,124,62
95934,274,21,13
95935,631,24,27
95936,352,105,3
95937,1491,51,29
95938,3787,72,53
95939,604,306,2
95941,563,16,36
95942,1301,56,23
95943,879,63,14
95944,46,51,1
95945,25199,64,392
95946,9790,42,234
95947,1899,131,15
95948,10810,78,139
95949,19741,140,141
95950,569,51,11
95951,2601,18,142
95953,10718,114,94
95954,12251,71,172
95955,1517,123,12
95956,401,68,6
95957,761,70,11
95959,17838,248,72
95960,796,48,16
95961,26510,46,579
95962,1567,30,53
95963,15493,306,51
95965,20384,320,64
95966,30643,184,166
95968,1412,2,912
95969,27549,59,467
95970,530,47,11
95971,5970,101,59
95973,31957,333,96
95974,8,8,1
95975,1769,9,189
95977,1678,39,43
95978,143,6,23
95979,597,284,2
95981,97,41,2
95982,3221,44,73
95983,428,118,4
95984,120,33,4
95986,162,8,20
95987,5992,335,18
95988,8857,311,29
95991,40593,41,997
95993,36067,86,422
96001,33865,88,385
96002,33298,30,1101
96003,44461,238,187
96006,557,162,3
96007,22841,130,176
96008,1231,36,34
96009,569,220,3
96010,239,402,1
96011,218,319,1
96013,4212,230,18
96014,211,133,2
96015,465,242,2
96016,366,42,9
96017,171,146,1
96019,10082,11,922
96020,2416,40,60
96021,16097,239,67
96022,15768,242,65
96023,1240,250,5
96024,1145,179,6
96025,2310,92,25
96027,2227,476,5
96028,1464,167,9
96029,124,35,4
96031,158,354,0
96032,2407,456,5
96033,432,142,3
96034,294,110,3
96035,3324,46,72
96037,308,4,77
96038,589,18,33
96039,1251,623,2
96040,341,123,3
96041,2747,329,8
96044,1022,141,7
96046,304,179,2
96047,1004,206,5
96048,736,154,5
96049,95,16,6
96050,414,286,1
96051,1139,310,4
96052,1460,77,19
96054,366,128,3
96055,3935,63,62
96056,1642,337,5
96057,1355,316,4
96058,798,435,2
96059,688,78,9
96061,36,41,1
96062,1105,73,15
96063,125,12,10
96064,4574,479,10
96065,357,85,4
96067,7165,136,53
96068,183,40,5
96069,982,89,11
96071,125,80,2
96073,4082,45,92
96074,260,100,3
96075,369,69,5
96076,166,207,1
96080,28764,612,47
96084,625,105,6
96085,85,75,1
96086,338,257,1
96087,600,78,8
96088,4506,158,29
96090,421,1,410
96091,699,452,2
96092,496,49,10
96093,4133,59,70
96094,6630,247,27
96096,695,114,6
96097,10031,191,53
96101,5490,584,9
96103,1725,126,14
96104,748,193,4
96105,527,253,2
96106,479,23,20
96107,1269,89,14
96108,122,198,1
96109,2197,198,11
96110,166,150,1
96111,160,34,5
96112,214,127,2
96113,1000,7,147
96114,3220,68,47
96115,145,100,1
96116,233,251,1
96117,405,327,1
96118,1627,203,8
96119,90,162,1
96120,957,211,5
96121,368,34,11
96122,3883,61,63
96123,48,204,0
96124,326,58,6
96125,258,99,3
96126,215,89,2
96128,752,31,24
96129,261,94,3
96130,23150,480,48
96132,119,388,0
96133,110,13,9
96134,2512,332,8
96135,128,33,4
96136,104,148,1
96137,3297,48,68
96140,1170,5,249
96141,744,12,62
96142,1037,20,51
96143,4414,6,802
96145,3161,37,85
96146,1366,21,65
96148,788,1,580
96150,29792,124,241
96155,8,37,0
96161,18451,182,101
97635,165,41,4